0;0;0;0;x;x
1;85;140;30;edoras;x
2;138;172;76;upbourn;x
3;236;211;237;folcbuhr;x
4;172;64;190;oferdun;x
5;44;191;33;deowold;x
6;106;35;251;ealdsele;x
7;150;123;246;aldburg;x
8;227;121;183;eamund;x
9;154;164;11;grenewaet;x
10;39;114;249;stingstead;x
11;117;137;129;athelburg;x
12;240;144;80;harrowdale;x
13;2;243;192;gwithburg;x
14;224;245;120;starkhorn;x
15;213;115;141;underharrow;x
16;185;108;163;firienfeld;x
17;185;97;132;dimholt;x
18;159;118;102;dwimorberg;x
19;87;172;61;pathsofthedead;x
20;240;160;148;isengard;x
21;76;41;251;nancurunir;x
22;17;138;72;cuvnerth;x
23;174;120;1;forthbrond;x
24;225;9;243;dolbaran;x
25;41;148;77;athdar;x
26;166;100;128;fordsofisen;x
27;153;72;226;riverwatch;x
28;41;119;74;fowlmere;x
29;37;212;248;folcmund;x
30;255;57;245;yppeton;x
31;51;49;19;stanbrycg;x
32;168;2;159;fugolden;x
33;6;76;241;mearhdenu;x
34;189;86;225;stipel;x
35;129;199;146;turfaham;x
36;63;211;250;eavesoffangorn;x
37;22;236;214;ealdeorl;x
38;49;143;166;laddun;x
39;219;95;14;faraholt;x
40;36;92;199;broadacres;x
41;107;154;104;grimslade;x
42;101;222;59;aldorstowe;x
43;79;243;97;brimlad;x
44;36;154;19;fushum;x
45;28;42;71;deepingcoomb;x
46;75;116;190;helmham;x
47;67;101;170;aglarond;x
48;137;117;40;wisce;x
49;101;101;232;schephurst;x
50;108;76;131;everholt;x
51;132;94;162;walrun;x
52;177;132;157;walding;x
53;117;98;132;steinburg;x
54;86;28;196;entwade;x
55;169;115;90;entwashvale;x
56;115;234;3;eafierd;x
57;117;186;185;fyrfultum;x
58;150;176;85;holtfold;x
59;31;174;187;stotfold;x
60;16;91;145;eaworth;x
61;104;71;239;sutcrofts;x
62;62;255;251;norcrofts;x
63;138;232;241;byrgenstow;x
64;176;151;91;halifirien;x
65;131;98;19;firienholt;x
66;153;11;7;fenmarch;x
67;146;225;100;fengelad;x
68;242;28;231;merinburg;x
69;165;234;134;amonroch;x
70;138;109;88;beldwin;x
71;102;134;69;hariantryn;x
72;173;47;221;earthwell;x
73;15;207;1;eithelamar;x
74;46;194;118;amonardh;x
75;110;125;92;derwath;x
76;157;215;59;tauluth;x
77;123;5;170;arkendor;x
78;35;235;9;frecasburg;x
79;187;69;49;rendar;x
80;45;195;136;tilmendir;x
81;80;51;127;highstone;x
82;142;104;161;dinasdrust;x
83;60;214;178;vervain;x
84;97;100;148;asirac;x
85;176;89;91;adornas;x
86;84;99;241;durgors;x
87;92;238;203;barangren;x
88;147;100;35;wyrmdelf;x
89;165;22;208;eastemnentdowns;x
90;162;15;38;burhethe;x
91;156;34;215;joahkin;x
92;134;44;30;sarngol;x
93;22;124;186;limbar;x
94;73;69;204;limlaith;x
95;220;138;163;ongushar;x
96;64;253;201;garsfeld;x
97;197;108;112;etheburg;x
98;140;183;33;stangard;x
99;88;249;9;northundeep;x
100;235;208;96;earlshallow;x
101;47;159;68;floodwend;x
102;50;47;182;eastwall;x
103;59;166;135;elthengels;x
104;221;163;228;ninstazg;x
105;89;85;57;clivin;x
106;147;226;99;randgar;x
107;10;200;173;talfburg;x
108;203;41;231;lenarad;x
109;201;46;145;ambal;x
110;190;82;146;rantburg;x
111;175;131;99;gwanlend;x
112;49;98;91;mouthsoftheentwash;x
113;47;223;118;mistham;x
114;235;235;63;wulfborg;x
115;40;211;149;dunthuaidh;x
116;140;130;60;bhainglad;x
117;163;210;55;regnfells;x
118;143;246;29;nanleglin;x
119;203;144;86;hawkthain;x
120;76;185;235;coisabhann;x
121;98;172;166;marishburh;x
122;90;8;246;harthunn;x
123;172;147;109;tormdreng;x
124;189;215;109;ulundin;x
125;250;43;91;throrshalls;x
126;188;133;169;fordirith;x
127;246;172;74;torchandraug;x
128;174;17;135;mududhcadlus;x
129;52;20;230;ravndal;x
130;141;108;7;lochthiar;x
131;220;51;176;maidun;x
132;63;234;191;ebronicurr;x
133;179;46;165;riascach;x
134;84;145;73;caimarava;x
135;34;243;99;dunstrem;x
136;205;68;42;vinyatir;x
137;44;162;91;dunfidach;x
138;207;215;32;caeuchel;x
139;37;30;243;treforn;x
140;12;99;86;kedhern;x
141;66;179;122;cerddwood;x
142;154;177;179;ceobeinn;x
143;197;55;55;forthunn;x
144;172;208;53;taralurior;x
145;60;123;110;gwencoit;x
146;249;233;247;mirthang;x
147;159;96;79;larachduhnnan;x
148;174;118;170;ardphuing;x
149;156;14;144;daighen;x
150;57;217;125;druwaur;x
151;189;155;153;duntalorgan;x
152;193;10;232;oser;x
153;77;19;141;fangcleft;x
154;77;115;183;duncaladach;x
155;232;175;28;iasgachphuing;x
156;145;48;32;selgphuing;x
157;193;18;106;lhanros;x
158;80;38;164;starkmoor;x
159;96;195;71;ramcadlus;x
160;219;102;111;bedhrych;x
161;166;48;194;trumdreng;x
162;131;185;235;thoronnorc;x
163;103;83;141;galtrev;x
164;56;117;24;rengwydh;x
165;104;184;136;dungyroch;x
166;13;141;30;avencurr;x
167;220;15;30;lhanrhos;x
168;47;240;112;hebogalt;x
169;228;206;245;dunbog;x
170;142;43;215;corsavanc;x
171;104;229;171;lhancolvarn;x
172;59;197;177;bogbarrows;x
173;139;201;142;byretor;x
174;114;143;63;gawrimtagh;x
175;159;255;174;thrurgrim;x
176;156;123;40;lindorburum;x
177;19;116;58;hisurdan;x
178;242;117;167;thinglad;x
179;144;92;20;forlaw;x
180;245;84;101;haldirith;x
181;221;105;212;helestor;x
182;173;205;17;lashkarg;x
183;219;172;235;dorfirnen;x
184;156;207;91;hurhfald;x
185;159;109;44;southundeep;x
186;243;83;101;suthtorr;x
187;203;243;171;fiskwor;x
188;161;130;183;druvadokan;x
189;174;152;41;orda;x
190;38;214;90;olgakhosh;x
191;106;143;11;ufummau;x
192;21;124;123;tiringon;x
193;157;8;208;tirnimmen;x
194;126;152;62;lathbear;x
195;139;88;214;sadmorangol;x
196;68;90;197;tharlaeg;x
197;189;25;145;krashbalum;x
198;132;79;100;tirnindor;x
199;184;200;207;minasarnor;x
200;86;35;144;harlond;x
201;213;169;242;pelennor;x
202;19;160;241;westosgiliath;x
203;235;242;71;eastosgiliath;x
204;218;200;174;minasmaldred;x
205;200;83;213;thinbar;x
206;5;253;206;herenyand;x
207;5;120;155;eilenach;x
208;72;241;44;cairandros;x
209;14;146;66;aranelaith;x
210;73;102;121;tirelena;x
211;73;143;223;calost;x
212;43;216;5;nardos;x
213;43;195;166;druadanforest;x
214;62;14;89;dunmardo;x
215;78;135;110;sindar;x
216;32;67;215;dolcaranthan;x
217;168;96;37;parmuil;x
218;250;251;148;barastirian;x
219;240;115;207;minasastirian;x
220;246;79;62;imdorad;x
221;30;96;249;nardhethir;x
222;176;40;86;garthharnastin;x
223;43;161;89;tolcalenhad;x
224;243;65;190;erelas;x
225;28;204;245;amonanwar;x
226;70;211;186;minasithil;x
227;189;240;153;imladithil;x
228;136;163;193;caladuil;x
229;142;156;69;asgaril;x
230;99;8;193;gorosil;x
231;107;167;88;atilduin;x
232;39;128;197;trisavel;x
233;160;20;168;cilarin;x
234;62;237;110;othnir;x
235;212;36;247;methelar;x
236;29;106;146;curedain;x
237;91;230;14;athaldain;x
238;79;141;85;elemir;x
239;87;87;112;egeter;x
240;157;180;131;usuluni;x
241;79;139;15;tufulir;x
242;160;94;122;barendinnen;x
243;172;197;57;trenas;x
244;178;170;219;nangirith;x
245;171;197;114;sindamos;x
246;157;183;224;casevir;x
247;123;63;97;telengaur;x
248;211;134;228;duilwen;x
249;93;48;103;tirethraid;x
250;122;116;157;porosir;x
251;149;230;169;farontil;x
252;147;88;117;tiridor;x
253;99;206;81;tirisil;x
254;199;184;10;athradporos;x
255;192;74;65;haudhgwanun;x
256;160;250;156;morgevil;x
257;61;192;126;morivac;x
258;137;15;245;alagdor;x
259;63;143;28;arastafal;x
260;223;228;156;aludor;x
261;157;96;98;celerdain;x
262;68;239;142;telumendil;x
263;111;227;57;emlin;x
264;101;160;191;pelargir;x
265;177;206;9;minasanduin;x
266;227;118;17;lebinor;x
267;11;77;22;minaslandor;x
268;112;33;99;malrach;x
269;6;203;226;belfalas;x
270;215;101;100;tolbalimur;x
271;77;86;83;minasarnach;x
272;134;51;235;glorlach;x
273;42;25;178;echorost;x
274;59;55;141;crithacanath;x
275;159;21;93;haldarie;x
276;143;179;140;barerui;x
277;97;154;57;luindol;x
278;98;237;248;beleganor;x
279;54;134;91;merinand;x
280;7;59;41;dolimduin;x
281;136;247;152;imdrilis;x
282;42;135;216;dolenedhir;x
283;182;192;112;garthenedhir;x
284;34;50;75;caragost;x
285;92;74;239;ostradhil;x
286;96;38;111;caramon;x
287;86;43;221;minasbrethil;x
288;6;182;226;calarbrethil;x
289;55;100;66;dolcalimir;x
290;113;247;61;cenedril;x
291;76;69;155;linhir;x
292;222;251;205;brindalin;x
293;11;111;149;tirserni;x
294;190;21;143;arnbad;x
295;16;8;215;orgilion;x
296;42;181;244;lalornen;x
297;252;49;255;lindon;x
298;227;231;177;lorilad;x
299;68;65;229;fanuilond;x
300;87;142;204;daldor;x
301;213;3;7;erinath;x
302;175;163;62;gaeros;x
303;112;205;53;lanthiriath;x
304;154;45;153;caraslanthir;x
305;79;18;42;tumladen;x
306;142;92;247;raenlad;x
307;30;247;84;laurost;x
308;248;103;37;dolherevorn;x
309;197;20;47;bragoltumladen;x
310;100;239;111;tollymen;x
311;188;84;233;barernil;x
312;196;52;11;edeniath;x
313;145;21;190;tiredrain;x
314;242;202;110;barlyman;x
315;71;88;214;dolamroth;x
316;10;185;175;rohallor;x
317;29;66;47;edhelion;x
318;153;6;73;baralgund;x
319;178;17;144;tirithaear;x
320;14;77;21;nargond;x
321;229;156;224;gwaelond;x
322;174;145;63;dolnargond;x
323;214;192;184;bartyliand;x
324;45;130;29;duiniand;x
325;127;115;76;endil;x
326;219;11;143;tirsolen;x
327;82;31;197;sellathir;x
328;206;253;228;toldil;x
329;133;166;242;methrast;x
330;50;188;140;baradgalathil;x
331;82;126;46;londmethreril;x
332;132;7;175;turtarmar;x
333;211;59;65;tylldruxalde;x
334;72;244;112;eregost;x
335;150;83;181;dudhrandir;x
336;96;241;39;thonfalas;x
337;34;249;250;amrunir;x
338;91;82;153;sarlond;x
339;40;131;59;andram;x
340;97;204;124;gornoriath;x
341;14;161;43;rosuldrie;x
342;185;200;188;toltaran;x
343;110;144;118;tarnost;x
344;179;228;81;forgamir;x
345;56;200;49;sigilmir;x
346;25;242;5;bartoln;x
347;119;39;174;doltolamir;x
348;253;184;124;lanrain;x
349;92;129;61;bargilraen;x
350;66;210;168;avorniath;x
351;211;192;203;minasgwendir;x
352;181;56;119;doltharas;x
353;226;142;234;imladtathren;x
354;39;92;237;tolfalas;x
355;126;199;226;tundaeg;x
356;4;97;211;adiuialaear;x
357;74;29;1;carastolfalas;x
358;88;45;252;gilros;x
359;104;70;163;toltir;x
360;247;111;136;dolandras;x
361;190;226;31;calembel;x
362;175;192;233;362;x
363;184;141;217;363;x
364;135;228;23;364;x
365;100;54;223;365;x
366;92;192;121;366;x
367;153;103;131;ossarnen;x
368;26;184;67;368;x
369;253;48;182;369;x
370;196;244;226;370;x
371;167;221;209;ethring;x
372;155;151;117;372;x
373;124;133;31;373;x
374;241;121;241;374;x
375;119;189;41;375;x
376;74;226;236;376;x
377;123;139;180;377;x
378;191;166;62;378;x
379;152;99;49;379;x
380;122;92;19;380;x
381;227;159;219;381;x
382;119;114;152;382;x
383;90;21;247;383;x
384;159;121;121;384;x
385;45;245;47;385;x
386;244;202;203;386;x
387;229;173;198;glanhir;x
388;199;249;204;388;x
389;23;184;84;389;x
390;36;180;50;erech;x
391;156;104;213;391;x
392;208;33;176;392;x
393;108;254;227;393;x
394;240;146;245;394;x
395;119;127;153;395;x
396;208;68;125;396;x
397;149;130;50;rendul;x
398;220;209;250;398;x
399;239;220;102;399;x
400;151;70;126;400;x
401;133;217;170;401;x
402;109;28;184;402;x
403;163;217;241;403;x
404;191;34;180;404;x
405;82;217;168;405;x
406;104;130;254;406;x
407;70;118;159;407;x
408;151;245;249;408;x
409;204;56;233;409;x
410;227;146;62;410;x
411;66;223;32;411;x
412;233;233;129;412;x
413;50;110;201;413;x
414;156;240;151;414;x
415;92;171;226;415;x
416;10;91;247;416;x
417;91;108;255;417;x
418;41;217;231;418;x
419;162;129;153;419;x
420;124;179;102;420;x
421;183;239;20;421;x
422;63;145;14;422;x
423;251;63;21;423;x
424;151;202;187;424;x
425;136;112;237;425;x
426;112;171;62;426;x
427;255;96;47;427;x
428;53;234;2;428;x
429;89;145;61;429;x
430;212;206;110;430;x
431;208;48;125;431;x
432;166;73;235;432;x
433;53;200;122;433;x
434;77;86;196;434;x
435;136;207;198;435;x
436;201;77;214;436;x
437;114;164;188;437;x
438;97;134;169;438;x
439;105;230;105;439;x
440;223;165;42;440;x
441;144;164;134;441;x
442;193;210;141;442;x
443;125;5;51;443;x
444;76;72;125;444;x
445;51;241;172;445;x
446;97;217;131;446;x
447;235;51;226;447;x
448;67;169;247;448;x
449;118;137;246;449;x
450;59;68;27;450;x
451;66;216;144;451;x
452;208;158;214;452;x
453;207;94;64;453;x
454;40;59;250;454;x
455;17;150;240;455;x
456;125;39;125;456;x
457;116;221;189;457;x
458;220;112;133;458;x
459;4;165;93;459;x
460;225;34;7;460;x
461;28;121;97;461;x
462;35;98;4;462;x
463;104;158;208;463;x
464;156;102;67;464;x
465;196;214;80;465;x
466;53;24;165;466;x
467;239;75;173;467;x
468;40;54;236;468;x
469;174;247;75;469;x
470;85;184;231;470;x
471;146;227;249;471;x
472;163;204;66;472;x
473;226;128;137;473;x
474;143;57;131;474;x
475;242;227;71;475;x
476;254;252;149;476;x
477;239;94;88;477;x
478;17;158;22;478;x
479;117;101;149;479;x
480;227;179;253;480;x
481;160;72;75;481;x
482;74;99;88;482;x
483;233;110;35;483;x
484;44;12;231;484;x
485;107;107;1;485;x
486;87;56;227;486;x
487;191;114;251;487;x
488;178;142;110;488;x
489;157;171;156;489;x
490;209;3;149;490;x
491;238;70;149;491;x
492;66;47;228;492;x
493;184;123;153;493;x
494;170;165;104;494;x
495;119;206;188;495;x
496;165;162;219;496;x
497;215;221;51;497;x
498;7;129;53;498;x
499;213;248;179;499;x
500;221;144;233;500;x
501;185;63;65;501;x
502;199;167;214;502;x
503;20;175;138;503;x
504;177;71;197;504;x
505;208;132;19;505;x
506;95;35;240;506;x
507;165;114;129;507;x
508;167;215;220;508;x
509;50;191;164;509;x
510;252;218;18;510;x
511;70;109;223;511;x
512;247;35;143;512;x
513;245;32;179;513;x
514;235;7;62;514;x
515;175;64;76;515;x
516;85;143;62;516;x
517;95;234;43;517;x
518;111;175;41;518;x
519;175;226;56;519;x
520;192;145;63;520;x
521;112;167;60;521;x
522;154;135;227;522;x
523;159;156;171;523;x
524;104;206;78;524;x
525;19;162;52;525;x
526;103;156;60;526;x
527;179;79;202;527;x
528;141;98;240;528;x
529;47;101;146;529;x
530;105;124;214;530;x
531;210;68;49;531;x
532;201;198;64;532;x
533;183;55;18;533;x
534;178;130;124;534;x
535;240;240;123;535;x
536;251;145;224;536;x
537;186;179;239;537;x
538;102;31;212;538;x
539;47;92;171;539;x
540;115;36;28;540;x
541;10;238;24;541;x
542;114;229;11;542;x
543;33;185;127;543;x
544;135;161;27;544;x
545;14;97;132;545;x
546;32;144;242;546;x
547;47;85;109;547;x
548;136;44;143;548;x
549;32;155;15;549;x
550;17;239;219;550;x
551;59;174;5;551;x
552;240;163;248;552;x
553;250;195;39;553;x
554;26;27;25;554;x
555;200;76;179;555;x
556;205;183;147;556;x
557;104;146;180;557;x
558;111;247;44;558;x
559;115;35;56;559;x
560;132;51;140;560;x
561;193;27;69;561;x
562;11;221;168;562;x
563;56;80;122;563;x
564;92;75;98;564;x
565;117;112;194;565;x
566;249;117;58;566;x
567;113;173;76;567;x
568;9;95;50;568;x
569;12;25;202;569;x
570;91;77;91;570;x
571;182;129;208;571;x
572;203;35;103;572;x
573;212;134;61;573;x
574;101;211;182;574;x
575;248;67;1;575;x
576;29;101;93;576;x
577;1;206;146;577;x
578;217;126;167;578;x
579;150;142;249;579;x
580;230;118;6;580;x
581;214;71;126;581;x
582;173;113;182;582;x
583;58;215;238;583;x
584;62;161;40;584;x
585;129;106;236;585;x
586;135;19;181;586;x
587;192;253;240;587;x
588;224;10;109;588;x
589;199;195;57;589;x
590;173;122;195;590;x
591;184;100;132;591;x
592;212;69;194;592;x
593;50;43;229;593;x
594;110;198;6;594;x
595;111;253;15;595;x
596;178;191;73;596;x
597;210;103;172;597;x
598;168;75;109;598;x
599;118;127;200;599;x
600;194;54;29;600;x
601;12;250;16;601;x
602;239;131;38;602;x
603;167;40;167;603;x
604;242;120;8;604;x
605;234;138;254;605;x
606;171;71;91;606;x
607;210;209;18;607;x
608;162;60;105;608;x
609;227;13;91;609;x
610;64;24;15;610;x
611;247;219;219;611;x
612;221;197;13;narchost;x
613;137;15;170;carchost;x
614;32;104;9;cirithgorgor;x
615;136;142;105;udun;x
616;32;191;49;carachangren;x
617;228;181;29;doramarth;x
618;28;149;151;mordath;x
619;54;117;222;fhauga;x
620;89;187;174;baraddur;x
621;96;241;78;orodruin;x
622;113;197;47;minasdurlith;x
623;227;221;124;shubatenlil;x
624;173;163;160;grishbalt;x
625;224;123;167;lugulbanda;x
626;77;119;74;kogoruhn;x
627;63;199;102;bozorg;x
628;122;102;145;faltorgam;x
629;81;152;108;agarnaith;x
630;250;33;208;shindram;x
631;169;200;162;dashte;x
632;138;242;161;bash;x
633;155;143;137;gaerdurlith;x
634;143;158;215;seregost;x
635;19;169;20;ostigurth;x
636;160;96;145;ennynur;x
637;57;87;72;kirithgal;x
638;198;133;192;nargoth;x
639;156;59;106;dennurn;x
640;91;146;254;baradwath;x
641;253;200;60;morigost;x
642;193;177;236;gwathiraug;x
643;173;46;97;dathnethryn;x
644;29;95;79;orodir;x
645;171;143;10;flaksharbtur;x
646;135;242;149;lugshar;x
647;191;239;194;zayarzot;x
648;63;151;154;lithlad;x
649;144;106;78;daelanc;x
650;90;29;69;baradperras;x
651;110;251;185;durthang;x
652;213;72;86;kalamurg;x
653;254;4;195;kraburzum;x
654;72;172;212;cirithungol;x
655;130;165;136;baradungol;x
656;174;205;65;digturrmar;x
657;225;25;218;kamlagurz;x
658;1;205;62;658;x
659;11;235;134;659;x
660;54;158;145;660;x
661;243;17;60;661;x
662;190;153;173;662;x
663;211;22;26;663;x
664;173;209;147;664;x
665;228;227;155;665;x
666;206;87;194;666;x
667;145;204;227;667;x
668;228;169;34;668;x
669;137;44;29;669;x
670;6;86;233;670;x
671;55;178;105;671;x
672;129;36;75;672;x
673;148;148;135;673;x
674;6;204;178;674;x
675;37;91;162;675;x
676;232;175;146;676;x
677;210;252;8;677;x
678;38;175;209;678;x
679;87;141;69;679;x
680;239;63;159;680;x
681;21;68;18;681;x
682;197;48;92;682;x
683;106;16;72;683;x
684;38;175;105;684;x
685;21;4;208;685;x
686;194;197;178;686;x
687;241;169;15;687;x
688;151;162;238;688;x
689;141;74;198;689;x
690;71;169;76;690;x
691;143;185;137;691;x
692;7;237;109;692;x
693;122;83;77;693;x
694;146;181;63;694;x
695;205;34;173;695;x
696;189;17;97;696;x
697;85;200;213;697;x
698;42;187;116;698;x
699;174;188;3;699;x
700;93;84;118;700;x
701;254;80;160;701;x
702;89;64;229;702;x
703;38;67;106;703;x
704;82;137;75;704;x
705;224;96;136;705;x
706;113;94;77;706;x
707;231;15;43;707;x
708;97;15;16;708;x
709;2;60;110;709;x
710;51;129;247;710;x
711;81;99;106;711;x
712;129;160;9;712;x
713;212;168;197;713;x
714;129;142;195;714;x
715;58;102;132;715;x
716;84;190;196;716;x
717;113;31;225;717;x
718;89;114;107;718;x
719;225;177;202;719;x
720;171;176;92;720;x
721;245;229;33;721;x
722;125;60;220;722;x
723;109;139;158;723;x
724;118;51;135;724;x
725;187;154;191;725;x
726;248;185;200;726;x
727;57;116;154;727;x
728;167;24;22;naerband;x
729;72;146;8;mulburz;x
730;218;253;245;730;x
731;1;1;1;gorgorothwasteland1;x
732;2;2;2;gorgorothwasteland2;x
733;3;3;3;gorgorothwasteland3;x
734;4;4;4;gorgorothwasteland4;x
735;5;5;5;gorgorothwasteland5;x
736;6;6;6;gorgorothwasteland6;x
737;7;7;7;ephelduath1;x
738;8;8;8;ephelduath2;x
739;9;9;9;ephelduath3;x
740;10;10;10;ephelduath4;x
741;11;11;11;eredlithui1;x
742;12;12;12;ephelduath5;x
743;13;13;13;eredlithui2;x
744;14;14;14;eredlithui3;x
745;15;15;15;eredlithui4;x
746;16;16;16;eregwath1;x
747;17;17;17;eredangurath1;x
748;18;18;18;eredangurath2;x
749;4;93;135;;x
750;75;174;147;;x
751;186;137;50;;x
752;131;111;10;;x
753;34;48;25;;x
754;5;99;138;;x
755;129;43;174;;x
756;176;53;27;;x
757;80;125;141;;x
758;222;247;244;;x
759;187;19;134;;x
760;225;118;50;;x
761;72;206;6;;x
762;23;23;23;erednimrais5;x
763;24;24;24;erednimrais6;x
764;25;25;25;erednimrais7;x
765;26;26;26;erednimrais8;x
766;27;27;27;erednimrais9;x
767;28;28;28;erednimrais10;x
768;206;246;185;;x
769;198;166;188;;x
770;196;234;236;;x
771;252;168;255;;x
772;207;174;181;;x
773;78;81;168;;x
774;32;160;3;;x
775;163;81;162;;x
776;245;102;82;;x
777;69;249;251;;x
778;42;132;106;;x
779;84;195;58;;x
780;193;214;240;;x
781;38;151;252;;x
782;182;94;252;;x
783;58;191;170;;x
784;194;155;112;;x
785;67;149;67;;x
786;31;170;163;;x
787;121;33;55;;x
788;131;112;79;;x
789;140;85;203;;x
790;119;137;55;;x
791;219;146;97;;x
792;225;213;209;;x
793;82;194;97;;x
794;194;97;39;;x
795;206;188;67;;x
796;85;76;161;;x
797;200;228;109;;x
798;197;225;161;;x
799;164;103;152;;x
800;61;252;64;;x
801;212;149;97;;x
802;79;185;131;;x
803;139;217;147;;x
804;179;9;97;;x
805;121;97;185;;x
806;197;43;128;;x
807;161;150;108;;x
808;146;170;21;;x
809;243;252;167;;x
810;39;140;136;;x
811;110;194;238;;x
812;182;46;76;;x
813;243;36;152;;x
814;136;139;212;;x
815;226;50;67;;x
816;146;72;65;;x
817;245;213;214;;x
818;115;103;188;;x
819;82;179;164;;x
820;91;30;118;;x
821;176;36;143;;x
822;85;15;182;;x
823;231;219;182;;x
824;137;197;94;;x
825;216;197;143;;x
826;162;155;164;;x
827;164;158;134;;x
828;118;158;88;;x
829;179;82;161;;x
830;185;67;124;;x
831;103;143;191;;x
832;118;182;149;;x
833;158;115;128;;x
834;161;42;36;;x
835;128;121;94;;x
836;94;94;255;;x
837;167;21;67;;x
838;200;237;115;;x
839;170;115;64;;x
840;115;12;124;;x
841;6;79;140;;x
842;85;100;179;;x
843;179;179;64;;x
844;103;106;216;;x
845;209;128;170;;x
846;36;212;231;;x
847;115;170;112;;x
848;107;97;162;;x
849;140;118;203;;x
850;64;203;70;;x
851;28;51;186;;x
852;27;118;146;;x
853;152;118;21;;x
854;216;197;64;;x
855;197;146;234;;x
856;225;203;36;;x
857;112;91;52;;x
858;155;200;124;;x
859;206;194;94;;x
860;185;79;85;;x
861;46;137;115;;x
862;75;124;92;;x
863;17;240;1;;x
864;121;58;88;;x
865;179;173;188;;x
866;44;142;205;;x
867;36;246;106;;x
868;137;64;58;;x
869;79;185;39;;x
870;225;109;158;;x
871;26;153;145;;x
872;20;144;234;;x
873;48;176;108;;x
874;200;88;61;;x
875;155;231;18;;x
876;240;164;112;;x
877;208;109;215;;x
878;76;194;124;;x
879;81;75;104;;x
880;24;238;226;;x
881;98;35;211;;x
882;135;183;164;;x
883;40;225;136;;x
884;17;197;230;;x
885;137;29;153;;x
886;47;40;133;;x
887;75;71;120;;x
888;56;118;250;;x
889;240;1;44;;x
890;210;73;31;;x
891;229;150;171;;x
892;49;203;181;;x
893;222;4;205;;x
894;99;219;100;;x
895;138;191;14;;x
896;178;138;43;;x
897;218;18;33;;x
898;117;29;3;;x
899;237;115;124;;x
900;165;183;139;;x
901;128;82;106;;x
902;67;91;173;;x
903;158;24;219;;x
904;15;112;197;;x
905;46;61;152;;x
906;212;115;64;;x
907;143;85;15;;x
908;154;118;110;;x
909;183;24;51;;x
910;97;240;132;;x
911;180;231;125;;x
912;237;121;205;;x
913;121;134;109;;x
914;13;28;112;;x
915;198;117;145;;x
916;145;199;53;;x
917;229;122;154;;x
918;194;34;55;;x
919;238;121;1;;x
920;91;2;135;;x
921;231;222;219;;x
922;208;77;90;;x
923;158;167;246;;x
924;252;32;231;;x
925;242;33;89;;x
926;158;32;113;;x
927;187;81;23;;x
928;112;196;126;;x
929;80;243;172;;x
930;247;8;25;;x
931;72;79;155;;x
932;73;243;218;;x
933;23;210;64;;x
934;212;107;22;;x
935;70;143;85;;x
936;137;223;192;;x
937;167;200;209;;x
938;231;82;255;;x
939;112;124;216;;x
940;253;179;54;;x
941;19;7;203;;x
942;179;43;79;;x
943;161;118;82;;x
944;179;89;232;;x
945;119;1;62;;x
946;183;193;209;;x
947;98;132;218;;x
948;64;19;219;;x
949;71;57;101;;x
950;36;88;62;;x
951;123;27;48;;x
952;226;92;172;;x
953;223;196;59;;x
954;193;57;85;;x
955;59;242;241;;x
956;144;226;255;;x
957;91;92;236;;x
958;254;226;140;;x
959;112;163;243;;x
960;217;184;73;;x
961;88;178;36;;x
962;69;163;99;;x
963;88;253;181;;x
964;53;228;101;;x
965;157;75;210;;x
966;61;97;157;;x
967;153;59;253;;x
968;115;73;8;;x
969;23;115;107;;x
970;162;154;101;;x
971;135;224;38;;x
972;86;178;57;;x
973;247;149;81;;x
974;9;207;43;;x
975;108;104;203;;x
976;13;105;146;;x
977;91;36;114;;x
978;107;147;129;;x
979;5;54;80;;x
980;39;3;169;;x
981;77;165;149;;x
982;201;234;37;;x
983;18;137;229;;x
984;40;92;51;;x
985;65;127;208;;x
986;7;253;45;;x
987;125;210;133;;x
988;115;224;1;;x
989;165;96;232;;x
990;254;226;79;;x
991;202;190;201;;x
992;193;108;250;;x
993;192;206;64;;x
994;88;253;61;;x
995;250;167;179;;x
996;104;49;242;;x
997;138;98;220;;x
998;200;172;113;;x
999;190;21;163;;x
1000;100;157;145;;x
1001;78;238;8;;x
1002;144;85;123;;x
1003;30;201;241;;x
1004;76;173;46;;x
1005;139;81;81;;x
1006;120;163;238;;x
1007;20;153;243;;x
1008;174;144;194;;x
1009;100;232;45;;x
1010;26;111;85;;x
1011;152;173;225;;x
1012;28;182;18;;x
1013;142;226;84;;x
1014;148;69;172;;x
1015;92;85;179;;x
1016;170;164;246;;x
1017;133;157;137;;x
1018;79;219;149;;x
1019;140;145;105;;x
1020;188;192;165;;x
1021;19;19;19;erednimrais1;x
1022;20;20;20;erednimrais2;x
1023;21;21;21;erednimrais3;x
1024;22;22;22;erednimrais4;x
1025;115;147;137;;x
1026;160;97;144;;x
1027;135;69;117;;x
1028;56;159;174;;x
1029;173;182;96;;x
1030;136;102;48;;x
1031;50;154;197;;x
1032;114;94;126;;x
1033;80;89;38;;x
1034;132;181;110;;x
1035;163;155;188;;x
1036;51;84;150;;x
1037;29;29;29;nurndesert1;x
1038;0;0;0;empty_lands;x
1039;203;203;209;sea_belfalas;x
1040;216;225;223;sea_belfalas;x
1041;183;229;242;sea_belfalas;x
1042;191;206;244;sea_belfalas;x
1043;191;209;211;sea_belfalas;x
1044;234;223;222;sea_belfalas;x
1045;179;238;205;sea_belfalas;x
1046;213;210;209;sea_belfalas;x
1047;219;222;250;sea_belfalas;x
1048;179;206;237;sea_belfalas;x
1049;248;219;202;sea_belfalas;x
1050;234;237;228;sea_belfalas;x
1051;203;253;232;sea_belfalas;x
1052;230;198;208;sea_belfalas;x
1053;222;216;188;sea_belfalas;x
1054;229;245;255;sea_belfalas;x
1055;249;229;236;sea_belfalas;x
1056;233;215;251;sea_belfalas;x
1057;222;250;213;sea_belfalas;x
1058;203;245;229;sea_belfalas;x
1059;230;198;208;sea_belfalas;x
1060;222;216;188;sea_belfalas;x
1061;225;248;240;sea_belfalas;x
1062;232;230;229;sea_belfalas;x
1063;175;196;176;sea_belfalas;x
1064;217;187;232;sea_belfalas;x
1065;213;226;255;sea_belfalas;x
1066;190;214;215;sea_belfalas;x
1067;232;226;204;sea_belfalas;x
1068;224;254;175;sea_belfalas;x
1069;216;219;216;sea_belfalas;x
1070;217;242;236;sea_belfalas;x
1071;237;240;243;sea_umbar;x
1072;219;231;228;sea_umbar;x
1073;228;242;242;sea_umbar;x
1074;200;209;226;sea_belegaer;x
1075;222;234;228;sea_belegaer;x
1076;226;224;237;sea_belegaer;x
1077;213;214;253;sea_belegaer;x
1078;249;207;231;sea_belegaer;x
1079;249;233;225;sea_belegaer;x
1080;225;237;231;sea_belegaer;x
1081;215;222;237;sea_belegaer;x
1082;139;232;246;sea_belegaer;x
1083;231;243;240;sea_belegaer;x
1084;225;249;225;sea_belegaer;x
1085;165;215;234;sea_belegaer;x
1086;189;237;243;sea_belegaer;x
1087;228;234;225;sea_belegaer;x
1088;219;210;242;sea_belegaer;x
1089;254;248;130;sea_belegaer;x
1090;216;250;219;sea_belegaer;x
1091;248;231;219;sea_belegaer;x
1092;219;211;208;sea_belegaer;x
1093;250;219;237;sea_belegaer;x
1094;234;234;243;sea_belegaer;x
1095;187;249;254;sea_belegaer;x
1096;230;222;206;sea_belegaer;x
1097;204;238;159;sea_belegaer;x
1098;188;219;214;sea_belegaer;x
1099;225;242;249;sea_belegaer;x
1100;241;228;236;sea_belegaer;x
1101;200;224;190;sea_belegaer;x
1102;240;238;228;sea_belegaer;x
1103;219;233;226;sea_belegaer;x
1104;245;249;235;sea_belegaer;x
1105;244;226;253;sea_belegaer;x
1106;227;240;234;sea_belegaer;x
1107;195;221;233;sea_belegaer;x
1108;244;231;246;sea_belegaer;x
1109;71;164;175;sea_forochel;x
1110;82;120;196;sea_forochel;x
1111;238;220;242;sea_forochel;x
1112;134;187;215;sea_forochel;x
1113;108;179;253;sea_forochel;x
1114;99;252;237;sea_forochel;x
1115;229;245;239;sea_forochel;x
1116;216;237;222;sea_forochel;x
1117;223;225;237;sea_forochel;x
1118;191;225;223;sea_forochel;x
1119;29;151;144;sea_forochel;x
1120;98;244;197;sea_forochel;x
1121;122;224;210;sea_forochel;x
1122;11;240;228;sea_forochel;x
1123;73;241;228;sea_forochel;x
1124;105;251;222;sea_forochel;x
1125;189;197;239;sea_forochel;x
1126;196;188;170;sea_lune;x
1127;182;231;238;sea_lune;x
1128;188;243;234;sea_lune;x
1129;213;246;222;sea_lune;x
1130;170;210;234;sea_lune;x
1131;229;244;251;sea_belegaer;x
1132;220;238;190;sea_belegaer;x
1133;238;248;254;sea_belegaer;x
1134;182;186;237;sea_belegaer;x
1135;236;227;255;sea_belegaer;x
1136;194;219;225;sea_belegaer;x
1137;225;231;242;sea_belegaer;x
1138;252;226;238;sea_belegaer;x
1139;221;211;242;sea_belegaer;x
1140;224;230;221;sea_belegaer;x
1141;240;209;172;sea_belegaer;x
1142;253;204;234;sea_belegaer;x
1143;224;230;221;sea_belegaer;x
1144;233;237;97;sea_belegaer;x
1145;239;237;230;sea_belegaer;x
1146;246;230;230;sea_belegaer;x
1147;230;217;226;sea_belegaer;x
1148;155;254;194;sea_belegaer;x
1149;219;185;224;sea_belegaer;x
1150;251;255;212;sea_belegaer;x
1151;220;238;236;sea_belegaer;x
1152;226;230;224;sea_belegaer;x
1153;214;204;244;sea_belegaer;x
1154;239;224;218;sea_belegaer;x
1155;223;230;240;sea_bozisha;x
1156;253;247;228;sea_bozisha;x
1157;220;220;237;sea_bozisha;x
1158;250;224;207;sea_bozisha;x
1159;211;219;142;sea_bozisha;x
1160;231;204;236;sea_bozisha;x
1161;199;225;207;sea_bozisha;x
1162;245;217;238;sea_bozisha;x
1163;200;224;241;sea_bozisha;x
1164;209;208;226;sea_bozisha;x
1165;225;236;231;sea_bozisha;x
1166;238;237;225;sea_bozisha;x
1167;185;234;224;river_anduin;x
1168;198;213;229;river_anduin;x
1169;52;198;183;river_anduin;x
1170;168;242;228;river_anduin;x
1171;190;222;241;river_anduin;x
1172;163;197;175;river_anduin;x
1173;217;229;226;river_anduin;x
1174;168;202;244;river_anduin;x
1175;167;186;155;river_anduin;x
1176;222;231;237;river_anduin;x
1177;181;221;131;river_poros;x
1178;146;215;202;river_poros;x
1179;125;248;227;river_harnen;x
1180;135;206;182;river_harnen;x
1181;38;161;252;river_harnen;x
1182;210;218;249;river_harnen;x
1183;155;248;227;river_harnen;x
1184;102;179;90;river_harnen;x
1185;30;163;176;river_harnen;x
1186;26;129;218;river_gilrain;x
1187;229;219;218;river_morthond;x
1188;92;228;60;river_morthond;x
1189;64;255;207;river_ringlo;x
1190;72;115;223;river_lefnui;x
1191;161;244;233;river_lefnui;x
1192;224;240;243;river_baranduin;x
1193;162;179;218;river_baranduin;x
1194;229;200;149;river_baranduin;x
1195;221;226;239;river_gwathlo;x
1196;29;239;54;river_gwathlo;x
1197;211;209;93;river_gwathlo;x
1198;206;240;208;river_gwathlo;x
1199;228;212;172;river_isen;x
1200;216;136;241;river_isen;x
1201;247;207;219;river_isen;x
1202;80;132;114;river_isen;x
1203;241;214;183;river_forodwaith1;x
1204;230;182;248;river_forodwaith1;x
1205;228;180;103;river_forodwaith2;x
1206;254;200;209;river_lune;x
1207;125;145;241;river_lune;x
1208;82;131;238;river_gelion;x
1209;114;234;153;river_gelion;x
1210;125;249;141;river_bellazen;x
1211;2;232;209;river_felayia;x
1212;158;174;134;river_felayia;x
1213;101;234;220;river_riyesha;x
1214;144;178;255;river_riyesha;x
1215;220;212;237;sea_rhun;x
1216;189;224;238;sea_rhun;x
1217;245;225;245;sea_rhun;x
1218;198;226;210;sea_rhun;x
1219;244;251;240;sea_rhun;x
1220;184;249;155;river_rhun;x
1221;230;252;23;river_rhun;x
1222;37;207;231;river_rhun;x
1223;170;220;226;river_rhun;x
1224;153;172;182;river_rhun;x
1225;60;222;139;river_rhun;x
1226;117;182;230;river_rhun;x
1227;150;231;87;river_rhun;x
1228;209;206;230;river_rhun;x
1229;77;156;247;river_rhun;x
1230;199;248;231;lake_northern;x
1231;197;225;203;lake;x
1232;243;237;249;lake;x
1233;193;187;142;lake;x
1234;232;228;251;lake_northern;x
1235;199;248;231;lake;x
1236;176;198;231;lake;x
1237;15;179;206;lake;x
1238;58;98;193;lake;x
1239;45;204;173;lake;x
1240;247;233;246;lake;x
1241;192;226;238;lake;x
1242;229;215;204;lake;x
1243;232;215;214;lake;x
1244;39;228;243;lake;x
1245;242;144;189;lake;x
1246;84;206;225;lake;x
1247;153;182;161;lake_nenuial;x
1248;67;177;225;lake;x
1249;171;176;163;lake;x
1250;222;238;210;lake;x
1251;201;214;232;lake;x
1252;162;224;224;lake;x
1253;234;225;222;lake_nurn;x
1254;65;208;112;lake;x
1255;217;249;247;lake;x
1256;251;245;233;lake_nen_hithoel;x
1257;198;243;178;lake_long;x
1258;32;18;54;lake;x
1259;223;219;192;lake;x
1260;99;186;240;lake;x
1261;15;179;206;lake_suza_riy;x
1262;162;224;224;lake;x
1263;253;253;253;impassable_belegaer;x
1264;205;221;29;;x
1265;23;153;54;;x
1266;65;134;110;;x
1267;146;90;137;;x
1268;136;78;78;;x
1269;169;96;69;;x
1270;28;53;117;;x
1271;54;98;117;;x
1272;26;197;55;;x
1273;45;200;202;;x
1274;2;72;182;;x
1275;111;222;123;;x
1276;231;121;1;;x
1277;55;198;255;;x
1278;188;89;129;;x
1279;83;183;177;;x
1280;127;41;76;;x
1281;201;53;84;;x
1282;133;201;53;;x
1283;90;189;134;;x
1284;156;182;121;;x
1285;255;177;50;;x
1286;168;122;188;;x
1287;131;159;33;;x
1288;11;131;177;;x
1289;197;70;234;;x
1290;157;217;205;;x
1291;207;141;36;;x
1292;30;30;30;tolfalas;x
1293;31;31;31;ephelduath6;x
1294;32;32;32;ephelduath7;x
1295;33;33;33;pinhingren;x
1296;55;3;78;;x
1297;181;24;2;;x
1298;57;244;1;;x
1299;59;245;222;;x
1300;120;183;108;;x
1301;162;226;185;;x
1302;190;100;152;;x
1303;12;143;127;;x
1304;36;229;255;;x
1305;73;3;179;;x
1306;8;134;225;;x
1307;23;231;247;;x
1308;34;71;10;;x
1309;3;151;247;;x
